filename,AcquisitionNumber,ImagePositionPatient,SeriesNumber,SliceLocation
1.3.12.2.1107.5.2.19.45698.201602120926403234774898,1,"[126.06896052458, -100.56379922207, -176.50401108332]",74,-230.63504872337
1.3.12.2.1107.5.2.19.45698.2016021209274619644375517,1,"[153.5627959738, -131.55835231122, -204.67201988764]",74,-280.73504901184
1.3.12.2.1107.5.2.19.45698.2016021209275381412075612,1,"[159.06156001188, -137.75726254757, -210.30562202998]",74,-290.75504737327
1.3.12.2.1107.5.2.19.45698.2016021209254991049574406,1,"[104.07389292814, -75.768160183987, -153.96960156031]",74,-190.55504964116
1.3.12.2.1107.5.2.19.45698.2016021209215875546473397,1,"[104.07389292814, -75.768160183987, -153.96960156031]",72,-190.55504964116
1.3.12.2.1107.5.2.19.45698.2016021209251625987974011,1,"[87.577593184489, -57.171427090726, -137.06879513331]",74,-160.49504889503
1.3.12.2.1107.5.2.19.45698.201602120926078409374516,1,"[109.57266078092, -81.967069943509, -159.60320370265]",74,-200.57504980102
1.3.12.2.1107.5.2.19.45698.2016021209215873980673394,1,"[104.07389292814, -75.768160183987, -153.96960156031]",72,-190.55504964116
1.3.12.2.1107.5.2.19.45698.2016021209272156562675267,1,"[142.56526026823, -119.16053231534, -193.40481560298]",74,-260.69504839712
1.3.12.2.1107.5.2.19.45698.2016021209265685251275008,1,"[131.56773219206, -106.76271088894, -182.13761322566]",74,-240.65505215664
1.3.12.2.1107.5.2.19.45698.2016021209260671413474474,1,"[109.57266078092, -81.967069943509, -159.60320370265]",74,-200.57504980102
1.3.12.2.1107.5.2.19.45698.2016021209254952465574350,1,"[104.07389292814, -75.768160183987, -153.96960156031]",74,-190.55504964116
1.3.12.2.1107.5.2.19.45698.2016021209265698262175026,1,"[131.56773219206, -106.76271088894, -182.13761322566]",74,-240.65505215664
1.3.12.2.1107.5.2.19.45698.2016021209261456766674645,1,"[115.07142863371, -88.16597970303, -165.23680584498]",74,-210.59504996088
1.3.12.2.1107.5.2.19.45698.2016021209251621411974006,1,"[87.577593184489, -57.171427090726, -137.06879513331]",74,-160.49504889503
1.3.12.2.1107.5.2.19.45698.201602120921338857873108,1,"[93.076359129924, -63.370340664944, -142.70239727564]",72,-170.51505036815
1.3.12.2.1107.5.2.19.45698.2016021209221712996273522,1,"[109.57266078092, -81.967069943509, -159.60320370265]",72,-200.57504980102
1.3.12.2.1107.5.2.19.45698.2016021209272935412675413,1,"[148.06403193571, -125.35944207486, -199.03841774531]",74,-270.7150506504
1.3.12.2.1107.5.2.19.45698.2016021209275412668775648,1,"[159.06156001188, -137.75726254757, -210.30562202998]",74,-290.75504737327
1.3.12.2.1107.5.2.19.45698.2016021209272146315675261,1,"[142.56526026823, -119.16053231534, -193.40481560298]",74,-260.69504839712
1.3.12.2.1107.5.2.19.45698.2016021209272922415675401,1,"[148.06403193571, -125.35944207486, -199.03841774531]",74,-270.7150506504
1.3.12.2.1107.5.2.19.45698.2016021209265664352974986,1,"[131.56773219206, -106.76271088894, -182.13761322566]",74,-240.65505215664
1.3.12.2.1107.5.2.19.45698.2016021209252391290274115,1,"[93.076359129924, -63.370340664944, -142.70239727564]",74,-170.51505036815
1.3.12.2.1107.5.2.19.45698.2016021209215078358673271,1,"[98.575125075358, -69.569246609769, -148.33599917956]",72,-180.53504698728
1.3.12.2.1107.5.2.19.45698.201602120927292873875371,1,"[148.06403193571, -125.35944207486, -199.03841774531]",74,-270.7150506504
1.3.12.2.1107.5.2.19.45698.2016021209215058775373251,1,"[98.575125075358, -69.569246609769, -148.33599917956]",72,-180.53504698728
1.3.12.2.1107.5.2.19.45698.2016021209260673512074478,1,"[109.57266078092, -81.967069943509, -159.60320370265]",74,-200.57504980102
1.3.12.2.1107.5.2.19.45698.2016021209251620298773999,1,"[87.577593184489, -57.171427090726, -137.06879513331]",74,-160.49504889503
1.3.12.2.1107.5.2.19.45698.2016021209263225963974746,1,"[120.57019648649, -94.364889462552, -170.87040894099]",74,-220.61505065693
1.3.12.2.1107.5.2.19.45698.2016021209251692573981,1,"[87.577593184489, -57.171427090726, -137.06879513331]",74,-160.49504889503
1.3.12.2.1107.5.2.19.45698.2016021209215038831273227,1,"[98.575125075358, -69.569246609769, -148.33599917956]",72,-180.53504698728
1.3.12.2.1107.5.2.19.45698.2016021209213298116073101,1,"[93.076359129924, -63.370340664944, -142.70239727564]",72,-170.51505036815
1.3.12.2.1107.5.2.19.45698.2016021209215853029273367,1,"[104.07389292814, -75.768160183987, -153.96960156031]",72,-190.55504964116
1.3.12.2.1107.5.2.19.45698.2016021209272123905775233,1,"[142.56526026823, -119.16053231534, -193.40481560298]",74,-260.69504839712
1.3.12.2.1107.5.2.19.45698.2016021209213314576673117,1,"[93.076359129924, -63.370340664944, -142.70239727564]",72,-170.51505036815
1.3.12.2.1107.5.2.19.45698.2016021209254211257274261,1,"[98.575125075358, -69.569246609769, -148.33599917956]",74,-180.53504698728
1.3.12.2.1107.5.2.19.45698.2016021209265692460575014,1,"[131.56773219206, -106.76271088894, -182.13761322566]",74,-240.65505215664
1.3.12.2.1107.5.2.19.45698.2016021209272882550675349,1,"[148.06403193571, -125.35944207486, -199.03841774531]",74,-270.7150506504
1.3.12.2.1107.5.2.19.45698.201602120926406980774913,1,"[126.06896052458, -100.56379922207, -176.50401108332]",74,-230.63504872337
1.3.12.2.1107.5.2.19.45698.2016021209263213340574736,1,"[120.57019648649, -94.364889462552, -170.87040894099]",74,-220.61505065693
1.3.12.2.1107.5.2.19.45698.2016021209215067132273260,1,"[98.575125075358, -69.569246609769, -148.33599917956]",72,-180.53504698728
1.3.12.2.1107.5.2.19.45698.2016021209263211060974732,1,"[120.57019648649, -94.364889462552, -170.87040894099]",74,-220.61505065693
1.3.12.2.1107.5.2.19.45698.2016021209212541989673013,1,"[87.577593184489, -57.171427090726, -137.06879513331]",72,-160.49504889503
1.3.12.2.1107.5.2.19.45698.2016021209263213600474737,1,"[120.57019648649, -94.364889462552, -170.87040894099]",74,-220.61505065693
1.3.12.2.1107.5.2.19.45698.2016021209215880476673400,1,"[104.07389292814, -75.768160183987, -153.96960156031]",72,-190.55504964116
1.3.12.2.1107.5.2.19.45698.2016021209261439044174621,1,"[115.07142863371, -88.16597970303, -165.23680584498]",74,-210.59504996088
1.3.12.2.1107.5.2.19.45698.201602120925429517574252,1,"[98.575125075358, -69.569246609769, -148.33599917956]",74,-180.53504698728
1.3.12.2.1107.5.2.19.45698.201602120925424197874243,1,"[98.575125075358, -69.569246609769, -148.33599917956]",74,-180.53504698728
1.3.12.2.1107.5.2.19.45698.2016021209254231935974285,1,"[98.575125075358, -69.569246609769, -148.33599917956]",74,-180.53504698728
1.3.12.2.1107.5.2.19.45698.2016021209254951658374349,1,"[104.07389292814, -75.768160183987, -153.96960156031]",74,-190.55504964116
1.3.12.2.1107.5.2.19.45698.2016021209275399331675636,1,"[159.06156001188, -137.75726254757, -210.30562202998]",74,-290.75504737327
1.3.12.2.1107.5.2.19.45698.2016021209254231478074281,1,"[98.575125075358, -69.569246609769, -148.33599917956]",74,-180.53504698728
1.3.12.2.1107.5.2.19.45698.2016021209212537431773007,1,"[87.577593184489, -57.171427090726, -137.06879513331]",72,-160.49504889503
1.3.12.2.1107.5.2.19.45698.2016021209212549468873024,1,"[87.577593184489, -57.171427090726, -137.06879513331]",72,-160.49504889503
1.3.12.2.1107.5.2.19.45698.2016021209215835709173344,1,"[104.07389292814, -75.768160183987, -153.96960156031]",72,-190.55504964116
1.3.12.2.1107.5.2.19.45698.2016021209261440636774630,1,"[115.07142863371, -88.16597970303, -165.23680584498]",74,-210.59504996088
1.3.12.2.1107.5.2.19.45698.2016021209254956083074364,1,"[104.07389292814, -75.768160183987, -153.96960156031]",74,-190.55504964116
1.3.12.2.1107.5.2.19.45698.2016021209265686297875011,1,"[131.56773219206, -106.76271088894, -182.13761322566]",74,-240.65505215664
1.3.12.2.1107.5.2.19.45698.2016021209272123701475232,1,"[142.56526026823, -119.16053231534, -193.40481560298]",74,-260.69504839712
1.3.12.2.1107.5.2.19.45698.2016021209263243398474770,1,"[120.57019648649, -94.364889462552, -170.87040894099]",74,-220.61505065693
1.3.12.2.1107.5.2.19.45698.201602120927468202475499,1,"[153.5627959738, -131.55835231122, -204.67201988764]",74,-280.73504901184
1.3.12.2.1107.5.2.19.45698.2016021209221668478873468,1,"[109.57266078092, -81.967069943509, -159.60320370265]",72,-200.57504980102
1.3.12.2.1107.5.2.19.45698.2016021209212525070572989,1,"[87.577593184489, -57.171427090726, -137.06879513331]",72,-160.49504889503
1.3.12.2.1107.5.2.19.45698.2016021209251621769074008,1,"[87.577593184489, -57.171427090726, -137.06879513331]",74,-160.49504889503
1.3.12.2.1107.5.2.19.45698.2016021209261437463674618,1,"[115.07142863371, -88.16597970303, -165.23680584498]",74,-210.59504996088
1.3.12.2.1107.5.2.19.45698.2016021209260715146074529,1,"[109.57266078092, -81.967069943509, -159.60320370265]",74,-200.57504980102
1.3.12.2.1107.5.2.19.45698.2016021209274637900275535,1,"[153.5627959738, -131.55835231122, -204.67201988764]",74,-280.73504901184
1.3.12.2.1107.5.2.19.45698.2016021209251637212974023,1,"[87.577593184489, -57.171427090726, -137.06879513331]",74,-160.49504889503
1.3.12.2.1107.5.2.19.45698.2016021209215049766573236,1,"[98.575125075358, -69.569246609769, -148.33599917956]",72,-180.53504698728
1.3.12.2.1107.5.2.19.45698.2016021209272173250075288,1,"[142.56526026823, -119.16053231534, -193.40481560298]",74,-260.69504839712
1.3.12.2.1107.5.2.19.45698.2016021209251594201073968,1,"[87.577593184489, -57.171427090726, -137.06879513331]",74,-160.49504889503
1.3.12.2.1107.5.2.19.45698.2016021209272125344675236,1,"[142.56526026823, -119.16053231534, -193.40481560298]",74,-260.69504839712
1.3.12.2.1107.5.2.19.45698.2016021209254975877874389,1,"[104.07389292814, -75.768160183987, -153.96960156031]",74,-190.55504964116
1.3.12.2.1107.5.2.19.45698.2016021209275420609375663,1,"[159.06156001188, -137.75726254757, -210.30562202998]",74,-290.75504737327
1.3.12.2.1107.5.2.19.45698.2016021209265693628975017,1,"[131.56773219206, -106.76271088894, -182.13761322566]",74,-240.65505215664
1.3.12.2.1107.5.2.19.45698.2016021209260698994374511,1,"[109.57266078092, -81.967069943509, -159.60320370265]",74,-200.57504980102
1.3.12.2.1107.5.2.19.45698.2016021209270376568375132,1,"[137.06649623014, -112.96162064847, -187.77121346064]",74,-250.6750491507
1.3.12.2.1107.5.2.19.45698.2016021209221671746873475,1,"[109.57266078092, -81.967069943509, -159.60320370265]",72,-200.57504980102
1.3.12.2.1107.5.2.19.45698.2016021209270384987175141,1,"[137.06649623014, -112.96162064847, -187.77121346064]",74,-250.6750491507
1.3.12.2.1107.5.2.19.45698.201602120926577690775032,1,"[131.56773219206, -106.76271088894, -182.13761322566]",74,-240.65505215664
1.3.12.2.1107.5.2.19.45698.2016021209274622339275520,1,"[153.5627959738, -131.55835231122, -204.67201988764]",74,-280.73504901184
1.3.12.2.1107.5.2.19.45698.201602120925426835174249,1,"[98.575125075358, -69.569246609769, -148.33599917956]",74,-180.53504698728
1.3.12.2.1107.5.2.19.45698.2016021209272168662275285,1,"[142.56526026823, -119.16053231534, -193.40481560298]",74,-260.69504839712
1.3.12.2.1107.5.2.19.45698.2016021209274580439775469,1,"[153.5627959738, -131.55835231122, -204.67201988764]",74,-280.73504901184
1.3.12.2.1107.5.2.19.45698.201602120927547100675642,1,"[159.06156001188, -137.75726254757, -210.30562202998]",74,-290.75504737327
1.3.12.2.1107.5.2.19.45698.2016021209213310013173111,1,"[93.076359129924, -63.370340664944, -142.70239727564]",72,-170.51505036815
1.3.12.2.1107.5.2.19.45698.2016021209213339369073153,1,"[93.076359129924, -63.370340664944, -142.70239727564]",72,-170.51505036815
1.3.12.2.1107.5.2.19.45698.2016021209254969508074371,1,"[104.07389292814, -75.768160183987, -153.96960156031]",74,-190.55504964116
1.3.12.2.1107.5.2.19.45698.2016021209221686654073486,1,"[109.57266078092, -81.967069943509, -159.60320370265]",72,-200.57504980102
1.3.12.2.1107.5.2.19.45698.2016021209212531693873000,1,"[87.577593184489, -57.171427090726, -137.06879513331]",72,-160.49504889503
1.3.12.2.1107.5.2.19.45698.2016021209254988061274398,1,"[104.07389292814, -75.768160183987, -153.96960156031]",74,-190.55504964116
1.3.12.2.1107.5.2.19.45698.2016021209254231524574282,1,"[98.575125075358, -69.569246609769, -148.33599917956]",74,-180.53504698728
1.3.12.2.1107.5.2.19.45698.2016021209265681228475004,1,"[131.56773219206, -106.76271088894, -182.13761322566]",74,-240.65505215664
1.3.12.2.1107.5.2.19.45698.2016021209254972665474377,1,"[104.07389292814, -75.768160183987, -153.96960156031]",74,-190.55504964116
1.3.12.2.1107.5.2.19.45698.2016021209272878621675341,1,"[148.06403193571, -125.35944207486, -199.03841774531]",74,-270.7150506504
1.3.12.2.1107.5.2.19.45698.2016021209260690536674495,1,"[109.57266078092, -81.967069943509, -159.60320370265]",74,-200.57504980102
1.3.12.2.1107.5.2.19.45698.2016021209213292845973087,1,"[93.076359129924, -63.370340664944, -142.70239727564]",72,-170.51505036815
1.3.12.2.1107.5.2.19.45698.2016021209215847614373355,1,"[104.07389292814, -75.768160183987, -153.96960156031]",72,-190.55504964116
1.3.12.2.1107.5.2.19.45698.2016021209263224688274743,1,"[120.57019648649, -94.364889462552, -170.87040894099]",74,-220.61505065693
1.3.12.2.1107.5.2.19.45698.2016021209261421433074608,1,"[115.07142863371, -88.16597970303, -165.23680584498]",74,-210.59504996088
1.3.12.2.1107.5.2.19.45698.2016021209265680765074999,1,"[131.56773219206, -106.76271088894, -182.13761322566]",74,-240.65505215664
1.3.12.2.1107.5.2.19.45698.2016021209272161625175273,1,"[142.56526026823, -119.16053231534, -193.40481560298]",74,-260.69504839712
1.3.12.2.1107.5.2.19.45698.2016021209254213917774264,1,"[98.575125075358, -69.569246609769, -148.33599917956]",74,-180.53504698728
1.3.12.2.1107.5.2.19.45698.2016021209213316694273120,1,"[93.076359129924, -63.370340664944, -142.70239727564]",72,-170.51505036815
1.3.12.2.1107.5.2.19.45698.201602120926576283375029,1,"[131.56773219206, -106.76271088894, -182.13761322566]",74,-240.65505215664
1.3.12.2.1107.5.2.19.45698.2016021209254955403874359,1,"[104.07389292814, -75.768160183987, -153.96960156031]",74,-190.55504964116
1.3.12.2.1107.5.2.19.45698.201602120925164411573986,1,"[87.577593184489, -57.171427090726, -137.06879513331]",74,-160.49504889503
1.3.12.2.1107.5.2.19.45698.2016021209270389799575145,1,"[137.06649623014, -112.96162064847, -187.77121346064]",74,-250.6750491507
1.3.12.2.1107.5.2.19.45698.2016021209212520823872986,1,"[87.577593184489, -57.171427090726, -137.06879513331]",72,-160.49504889503
1.3.12.2.1107.5.2.19.45698.2016021209252411796574144,1,"[93.076359129924, -63.370340664944, -142.70239727564]",74,-170.51505036815
1.3.12.2.1107.5.2.19.45698.2016021209260694021274502,1,"[109.57266078092, -81.967069943509, -159.60320370265]",74,-200.57504980102
1.3.12.2.1107.5.2.19.45698.2016021209215048394973233,1,"[98.575125075358, -69.569246609769, -148.33599917956]",72,-180.53504698728
1.3.12.2.1107.5.2.19.45698.2016021209260670575174472,1,"[109.57266078092, -81.967069943509, -159.60320370265]",74,-200.57504980102
1.3.12.2.1107.5.2.19.45698.2016021209221689908373492,1,"[109.57266078092, -81.967069943509, -159.60320370265]",72,-200.57504980102
1.3.12.2.1107.5.2.19.45698.2016021209272121700175223,1,"[142.56526026823, -119.16053231534, -193.40481560298]",74,-260.69504839712
1.3.12.2.1107.5.2.19.45698.2016021209213320670573126,1,"[93.076359129924, -63.370340664944, -142.70239727564]",72,-170.51505036815
1.3.12.2.1107.5.2.19.45698.2016021209261443242974635,1,"[115.07142863371, -88.16597970303, -165.23680584498]",74,-210.59504996088
1.3.12.2.1107.5.2.19.45698.2016021209215031918073212,1,"[98.575125075358, -69.569246609769, -148.33599917956]",72,-180.53504698728
1.3.12.2.1107.5.2.19.45698.201602120927297821375386,1,"[148.06403193571, -125.35944207486, -199.03841774531]",74,-270.7150506504
1.3.12.2.1107.5.2.19.45698.2016021209254189825174230,1,"[98.575125075358, -69.569246609769, -148.33599917956]",74,-180.53504698728
1.3.12.2.1107.5.2.19.45698.2016021209212495051272955,1,"[87.577593184489, -57.171427090726, -137.06879513331]",72,-160.49504889503
1.3.12.2.1107.5.2.19.45698.2016021209272142138875246,1,"[142.56526026823, -119.16053231534, -193.40481560298]",74,-260.69504839712
1.3.12.2.1107.5.2.19.45698.2016021209254986205474392,1,"[104.07389292814, -75.768160183987, -153.96960156031]",74,-190.55504964116
1.3.12.2.1107.5.2.19.45698.2016021209274615959775510,1,"[153.5627959738, -131.55835231122, -204.67201988764]",74,-280.73504901184
1.3.12.2.1107.5.2.19.45698.2016021209274633213075529,1,"[153.5627959738, -131.55835231122, -204.67201988764]",74,-280.73504901184
1.3.12.2.1107.5.2.19.45698.2016021209272126254975237,1,"[142.56526026823, -119.16053231534, -193.40481560298]",74,-260.69504839712
1.3.12.2.1107.5.2.19.45698.2016021209274632035975526,1,"[153.5627959738, -131.55835231122, -204.67201988764]",74,-280.73504901184
1.3.12.2.1107.5.2.19.45698.2016021209272166029575279,1,"[142.56526026823, -119.16053231534, -193.40481560298]",74,-260.69504839712
1.3.12.2.1107.5.2.19.45698.2016021209254191943774237,1,"[98.575125075358, -69.569246609769, -148.33599917956]",74,-180.53504698728
1.3.12.2.1107.5.2.19.45698.2016021209254992709574410,1,"[104.07389292814, -75.768160183987, -153.96960156031]",74,-190.55504964116
1.3.12.2.1107.5.2.19.45698.2016021209275389519375618,1,"[159.06156001188, -137.75726254757, -210.30562202998]",74,-290.75504737327
1.3.12.2.1107.5.2.19.45698.2016021209215868527473382,1,"[104.07389292814, -75.768160183987, -153.96960156031]",72,-190.55504964116
1.3.12.2.1107.5.2.19.45698.2016021209221672985173477,1,"[109.57266078092, -81.967069943509, -159.60320370265]",72,-200.57504980102
1.3.12.2.1107.5.2.19.45698.2016021209275398734475633,1,"[159.06156001188, -137.75726254757, -210.30562202998]",74,-290.75504737327
1.3.12.2.1107.5.2.19.45698.201602120926404311974904,1,"[126.06896052458, -100.56379922207, -176.50401108332]",74,-230.63504872337
1.3.12.2.1107.5.2.19.45698.2016021209215078576073272,1,"[98.575125075358, -69.569246609769, -148.33599917956]",72,-180.53504698728
1.3.12.2.1107.5.2.19.45698.2016021209254223730274273,1,"[98.575125075358, -69.569246609769, -148.33599917956]",74,-180.53504698728
1.3.12.2.1107.5.2.19.45698.2016021209270353360275101,1,"[137.06649623014, -112.96162064847, -187.77121346064]",74,-250.6750491507
1.3.12.2.1107.5.2.19.45698.2016021209270358907275112,1,"[137.06649623014, -112.96162064847, -187.77121346064]",74,-250.6750491507
1.3.12.2.1107.5.2.19.45698.2016021209261460748074660,1,"[115.07142863371, -88.16597970303, -165.23680584498]",74,-210.59504996088
1.3.12.2.1107.5.2.19.45698.2016021209272886158975360,1,"[148.06403193571, -125.35944207486, -199.03841774531]",74,-270.7150506504
1.3.12.2.1107.5.2.19.45698.2016021209260670972974473,1,"[109.57266078092, -81.967069943509, -159.60320370265]",74,-200.57504980102
1.3.12.2.1107.5.2.19.45698.2016021209272923312275404,1,"[148.06403193571, -125.35944207486, -199.03841774531]",74,-270.7150506504
1.3.12.2.1107.5.2.19.45698.2016021209252419015274160,1,"[93.076359129924, -63.370340664944, -142.70239727564]",74,-170.51505036815
1.3.12.2.1107.5.2.19.45698.201602120927291531875365,1,"[148.06403193571, -125.35944207486, -199.03841774531]",74,-270.7150506504
1.3.12.2.1107.5.2.19.45698.2016021209261415415574593,1,"[115.07142863371, -88.16597970303, -165.23680584498]",74,-210.59504996088
1.3.12.2.1107.5.2.19.45698.2016021209252399976974136,1,"[93.076359129924, -63.370340664944, -142.70239727564]",74,-170.51505036815
1.3.12.2.1107.5.2.19.45698.2016021209215035172973223,1,"[98.575125075358, -69.569246609769, -148.33599917956]",72,-180.53504698728
1.3.12.2.1107.5.2.19.45698.201602120922176539173513,1,"[109.57266078092, -81.967069943509, -159.60320370265]",72,-200.57504980102
1.3.12.2.1107.5.2.19.45698.2016021209213333634873144,1,"[93.076359129924, -63.370340664944, -142.70239727564]",72,-170.51505036815
1.3.12.2.1107.5.2.19.45698.2016021209274615689675509,1,"[153.5627959738, -131.55835231122, -204.67201988764]",74,-280.73504901184
1.3.12.2.1107.5.2.19.45698.201602120927292518275370,1,"[148.06403193571, -125.35944207486, -199.03841774531]",74,-270.7150506504
1.3.12.2.1107.5.2.19.45698.2016021209251612297173993,1,"[87.577593184489, -57.171427090726, -137.06879513331]",74,-160.49504889503
1.3.12.2.1107.5.2.19.45698.2016021209272162579275276,1,"[142.56526026823, -119.16053231534, -193.40481560298]",74,-260.69504839712
1.3.12.2.1107.5.2.19.45698.2016021209251631501174017,1,"[87.577593184489, -57.171427090726, -137.06879513331]",74,-160.49504889503
1.3.12.2.1107.5.2.19.45698.2016021209263972453174865,1,"[126.06896052458, -100.56379922207, -176.50401108332]",74,-230.63504872337
1.3.12.2.1107.5.2.19.45698.2016021209215034447073219,1,"[98.575125075358, -69.569246609769, -148.33599917956]",72,-180.53504698728
1.3.12.2.1107.5.2.19.45698.2016021209215866790673379,1,"[104.07389292814, -75.768160183987, -153.96960156031]",72,-190.55504964116
1.3.12.2.1107.5.2.19.45698.2016021209221692082773498,1,"[109.57266078092, -81.967069943509, -159.60320370265]",72,-200.57504980102
1.3.12.2.1107.5.2.19.45698.2016021209272919557575392,1,"[148.06403193571, -125.35944207486, -199.03841774531]",74,-270.7150506504
1.3.12.2.1107.5.2.19.45698.2016021209212549593273025,1,"[87.577593184489, -57.171427090726, -137.06879513331]",72,-160.49504889503
1.3.12.2.1107.5.2.19.45698.201602120927295120475377,1,"[148.06403193571, -125.35944207486, -199.03841774531]",74,-270.7150506504
1.3.12.2.1107.5.2.19.45698.2016021209272920932275395,1,"[148.06403193571, -125.35944207486, -199.03841774531]",74,-270.7150506504
1.3.12.2.1107.5.2.19.45698.2016021209265677037674996,1,"[131.56773219206, -106.76271088894, -182.13761322566]",74,-240.65505215664
1.3.12.2.1107.5.2.19.45698.2016021209251645042474032,1,"[87.577593184489, -57.171427090726, -137.06879513331]",74,-160.49504889503
1.3.12.2.1107.5.2.19.45698.2016021209254955712974360,1,"[104.07389292814, -75.768160183987, -153.96960156031]",74,-190.55504964116
1.3.12.2.1107.5.2.19.45698.2016021209265662201174982,1,"[131.56773219206, -106.76271088894, -182.13761322566]",74,-240.65505215664
1.3.12.2.1107.5.2.19.45698.2016021209254950322374346,1,"[104.07389292814, -75.768160183987, -153.96960156031]",74,-190.55504964116
1.3.12.2.1107.5.2.19.45698.2016021209274591700275486,1,"[153.5627959738, -131.55835231122, -204.67201988764]",74,-280.73504901184
1.3.12.2.1107.5.2.19.45698.2016021209215869400473387,1,"[104.07389292814, -75.768160183987, -153.96960156031]",72,-190.55504964116
1.3.12.2.1107.5.2.19.45698.2016021209275379937875608,1,"[159.06156001188, -137.75726254757, -210.30562202998]",74,-290.75504737327
1.3.12.2.1107.5.2.19.45698.2016021209275415781275657,1,"[159.06156001188, -137.75726254757, -210.30562202998]",74,-290.75504737327
1.3.12.2.1107.5.2.19.45698.2016021209270376608775133,1,"[137.06649623014, -112.96162064847, -187.77121346064]",74,-250.6750491507
1.3.12.2.1107.5.2.19.45698.2016021209251617419373996,1,"[87.577593184489, -57.171427090726, -137.06879513331]",74,-160.49504889503
1.3.12.2.1107.5.2.19.45698.2016021209254986779274395,1,"[104.07389292814, -75.768160183987, -153.96960156031]",74,-190.55504964116
1.3.12.2.1107.5.2.19.45698.2016021209215055587373246,1,"[98.575125075358, -69.569246609769, -148.33599917956]",72,-180.53504698728
1.3.12.2.1107.5.2.19.45698.201602120922177195073516,1,"[109.57266078092, -81.967069943509, -159.60320370265]",72,-200.57504980102
1.3.12.2.1107.5.2.19.45698.2016021209275395873475626,1,"[159.06156001188, -137.75726254757, -210.30562202998]",74,-290.75504737327
1.3.12.2.1107.5.2.19.45698.2016021209254990084874401,1,"[104.07389292814, -75.768160183987, -153.96960156031]",74,-190.55504964116
1.3.12.2.1107.5.2.19.45698.2016021209221697811273504,1,"[109.57266078092, -81.967069943509, -159.60320370265]",72,-200.57504980102
1.3.12.2.1107.5.2.19.45698.2016021209215034970573221,1,"[98.575125075358, -69.569246609769, -148.33599917956]",72,-180.53504698728
1.3.12.2.1107.5.2.19.45698.2016021209263255366074786,1,"[120.57019648649, -94.364889462552, -170.87040894099]",74,-220.61505065693
1.3.12.2.1107.5.2.19.45698.2016021209260678718574487,1,"[109.57266078092, -81.967069943509, -159.60320370265]",74,-200.57504980102
1.3.12.2.1107.5.2.19.45698.201602120926404972874907,1,"[126.06896052458, -100.56379922207, -176.50401108332]",74,-230.63504872337
1.3.12.2.1107.5.2.19.45698.2016021209272146297575260,1,"[142.56526026823, -119.16053231534, -193.40481560298]",74,-260.69504839712
1.3.12.2.1107.5.2.19.45698.2016021209215869731773388,1,"[104.07389292814, -75.768160183987, -153.96960156031]",72,-190.55504964116
1.3.12.2.1107.5.2.19.45698.2016021209263231923674755,1,"[120.57019648649, -94.364889462552, -170.87040894099]",74,-220.61505065693
1.3.12.2.1107.5.2.19.45698.2016021209215072855573266,1,"[98.575125075358, -69.569246609769, -148.33599917956]",72,-180.53504698728
1.3.12.2.1107.5.2.19.45698.2016021209213319385373123,1,"[93.076359129924, -63.370340664944, -142.70239727564]",72,-170.51505036815
1.3.12.2.1107.5.2.19.45698.2016021209252382828274112,1,"[93.076359129924, -63.370340664944, -142.70239727564]",74,-170.51505036815
1.3.12.2.1107.5.2.19.45698.2016021209215036414573224,1,"[98.575125075358, -69.569246609769, -148.33599917956]",72,-180.53504698728
1.3.12.2.1107.5.2.19.45698.2016021209272168171175282,1,"[142.56526026823, -119.16053231534, -193.40481560298]",74,-260.69504839712
1.3.12.2.1107.5.2.19.45698.2016021209221668073673467,1,"[109.57266078092, -81.967069943509, -159.60320370265]",72,-200.57504980102
1.3.12.2.1107.5.2.19.45698.2016021209215836487373346,1,"[104.07389292814, -75.768160183987, -153.96960156031]",72,-190.55504964116
1.3.12.2.1107.5.2.19.45698.2016021209213292098973086,1,"[93.076359129924, -63.370340664944, -142.70239727564]",72,-170.51505036815
1.3.12.2.1107.5.2.19.45698.2016021209212525777072992,1,"[87.577593184489, -57.171427090726, -137.06879513331]",72,-160.49504889503
1.3.12.2.1107.5.2.19.45698.2016021209263211565274733,1,"[120.57019648649, -94.364889462552, -170.87040894099]",74,-220.61505065693
1.3.12.2.1107.5.2.19.45698.2016021209213338416973150,1,"[93.076359129924, -63.370340664944, -142.70239727564]",72,-170.51505036815
1.3.12.2.1107.5.2.19.45698.2016021209252376317674096,1,"[93.076359129924, -63.370340664944, -142.70239727564]",74,-170.51505036815
1.3.12.2.1107.5.2.19.45698.2016021209254191365174236,1,"[98.575125075358, -69.569246609769, -148.33599917956]",74,-180.53504698728
1.3.12.2.1107.5.2.19.45698.2016021209213296378873095,1,"[93.076359129924, -63.370340664944, -142.70239727564]",72,-170.51505036815
1.3.12.2.1107.5.2.19.45698.2016021209213327163673135,1,"[93.076359129924, -63.370340664944, -142.70239727564]",72,-170.51505036815
1.3.12.2.1107.5.2.19.45698.2016021209270391303275148,1,"[137.06649623014, -112.96162064847, -187.77121346064]",74,-250.6750491507
1.3.12.2.1107.5.2.19.45698.2016021209260714292374526,1,"[109.57266078092, -81.967069943509, -159.60320370265]",74,-200.57504980102
1.3.12.2.1107.5.2.19.45698.201602120926327820574721,1,"[120.57019648649, -94.364889462552, -170.87040894099]",74,-220.61505065693
1.3.12.2.1107.5.2.19.45698.2016021209212514499672977,1,"[87.577593184489, -57.171427090726, -137.06879513331]",72,-160.49504889503
1.3.12.2.1107.5.2.19.45698.2016021209263244757874773,1,"[120.57019648649, -94.364889462552, -170.87040894099]",74,-220.61505065693
1.3.12.2.1107.5.2.19.45698.2016021209254957291974365,1,"[104.07389292814, -75.768160183987, -153.96960156031]",74,-190.55504964116
1.3.12.2.1107.5.2.19.45698.2016021209215065830373257,1,"[98.575125075358, -69.569246609769, -148.33599917956]",72,-180.53504698728
1.3.12.2.1107.5.2.19.45698.2016021209254974270074383,1,"[104.07389292814, -75.768160183987, -153.96960156031]",74,-190.55504964116
1.3.12.2.1107.5.2.19.45698.2016021209263989768674889,1,"[126.06896052458, -100.56379922207, -176.50401108332]",74,-230.63504872337
1.3.12.2.1107.5.2.19.45698.2016021209213299547773102,1,"[93.076359129924, -63.370340664944, -142.70239727564]",72,-170.51505036815
1.3.12.2.1107.5.2.19.45698.2016021209263218557274740,1,"[120.57019648649, -94.364889462552, -170.87040894099]",74,-220.61505065693
1.3.12.2.1107.5.2.19.45698.2016021209221681282673480,1,"[109.57266078092, -81.967069943509, -159.60320370265]",72,-200.57504980102
1.3.12.2.1107.5.2.19.45698.2016021209215070445873263,1,"[98.575125075358, -69.569246609769, -148.33599917956]",72,-180.53504698728
1.3.12.2.1107.5.2.19.45698.2016021209272924679775410,1,"[148.06403193571, -125.35944207486, -199.03841774531]",74,-270.7150506504
1.3.12.2.1107.5.2.19.45698.2016021209252397705074124,1,"[93.076359129924, -63.370340664944, -142.70239727564]",74,-170.51505036815
1.3.12.2.1107.5.2.19.45698.2016021209252394668274121,1,"[93.076359129924, -63.370340664944, -142.70239727564]",74,-170.51505036815
1.3.12.2.1107.5.2.19.45698.2016021209261440538474629,1,"[115.07142863371, -88.16597970303, -165.23680584498]",74,-210.59504996088
1.3.12.2.1107.5.2.19.45698.2016021209263255697174788,1,"[120.57019648649, -94.364889462552, -170.87040894099]",74,-220.61505065693
1.3.12.2.1107.5.2.19.45698.2016021209265656468674972,1,"[131.56773219206, -106.76271088894, -182.13761322566]",74,-240.65505215664
1.3.12.2.1107.5.2.19.45698.2016021209212513500072976,1,"[87.577593184489, -57.171427090726, -137.06879513331]",72,-160.49504889503
1.3.12.2.1107.5.2.19.45698.2016021209252414236774148,1,"[93.076359129924, -63.370340664944, -142.70239727564]",74,-170.51505036815
1.3.12.2.1107.5.2.19.45698.2016021209254187805374224,1,"[98.575125075358, -69.569246609769, -148.33599917956]",74,-180.53504698728
1.3.12.2.1107.5.2.19.45698.2016021209254956062374363,1,"[104.07389292814, -75.768160183987, -153.96960156031]",74,-190.55504964116
1.3.12.2.1107.5.2.19.45698.2016021209263986862274880,1,"[126.06896052458, -100.56379922207, -176.50401108332]",74,-230.63504872337
1.3.12.2.1107.5.2.19.45698.2016021209254196697874240,1,"[98.575125075358, -69.569246609769, -148.33599917956]",74,-180.53504698728
1.3.12.2.1107.5.2.19.45698.2016021209274640744675538,1,"[153.5627959738, -131.55835231122, -204.67201988764]",74,-280.73504901184
1.3.12.2.1107.5.2.19.45698.2016021209275413542275654,1,"[159.06156001188, -137.75726254757, -210.30562202998]",74,-290.75504737327
1.3.12.2.1107.5.2.19.45698.2016021209274567798075466,1,"[153.5627959738, -131.55835231122, -204.67201988764]",74,-280.73504901184
1.3.12.2.1107.5.2.19.45698.2016021209261436227474615,1,"[115.07142863371, -88.16597970303, -165.23680584498]",74,-210.59504996088
1.3.12.2.1107.5.2.19.45698.2016021209275412483775647,1,"[159.06156001188, -137.75726254757, -210.30562202998]",74,-290.75504737327
1.3.12.2.1107.5.2.19.45698.2016021209212532082473001,1,"[87.577593184489, -57.171427090726, -137.06879513331]",72,-160.49504889503
1.3.12.2.1107.5.2.19.45698.2016021209275417733775660,1,"[159.06156001188, -137.75726254757, -210.30562202998]",74,-290.75504737327
1.3.12.2.1107.5.2.19.45698.2016021209261443301074636,1,"[115.07142863371, -88.16597970303, -165.23680584498]",74,-210.59504996088
1.3.12.2.1107.5.2.19.45698.2016021209212551050473028,1,"[87.577593184489, -57.171427090726, -137.06879513331]",72,-160.49504889503
1.3.12.2.1107.5.2.19.45698.2016021209272883518275352,1,"[148.06403193571, -125.35944207486, -199.03841774531]",74,-270.7150506504
1.3.12.2.1107.5.2.19.45698.2016021209260716464774532,1,"[109.57266078092, -81.967069943509, -159.60320370265]",74,-200.57504980102
1.3.12.2.1107.5.2.19.45698.2016021209275385744075615,1,"[159.06156001188, -137.75726254757, -210.30562202998]",74,-290.75504737327
1.3.12.2.1107.5.2.19.45698.2016021209221693462373501,1,"[109.57266078092, -81.967069943509, -159.60320370265]",72,-200.57504980102
1.3.12.2.1107.5.2.19.45698.201602120922173678573510,1,"[109.57266078092, -81.967069943509, -159.60320370265]",72,-200.57504980102
1.3.12.2.1107.5.2.19.45698.2016021209260697943974508,1,"[109.57266078092, -81.967069943509, -159.60320370265]",74,-200.57504980102
1.3.12.2.1107.5.2.19.45698.2016021209265664180774985,1,"[131.56773219206, -106.76271088894, -182.13761322566]",74,-240.65505215664
1.3.12.2.1107.5.2.19.45698.2016021209213337006373147,1,"[93.076359129924, -63.370340664944, -142.70239727564]",72,-170.51505036815
1.3.12.2.1107.5.2.19.45698.2016021209265658844774975,1,"[131.56773219206, -106.76271088894, -182.13761322566]",74,-240.65505215664
1.3.12.2.1107.5.2.19.45698.2016021209275373672575600,1,"[159.06156001188, -137.75726254757, -210.30562202998]",74,-290.75504737327
1.3.12.2.1107.5.2.19.45698.2016021209221712838173521,1,"[109.57266078092, -81.967069943509, -159.60320370265]",72,-200.57504980102
1.3.12.2.1107.5.2.19.45698.2016021209221685789273483,1,"[109.57266078092, -81.967069943509, -159.60320370265]",72,-200.57504980102
1.3.12.2.1107.5.2.19.45698.2016021209254189899774231,1,"[98.575125075358, -69.569246609769, -148.33599917956]",74,-180.53504698728
1.3.12.2.1107.5.2.19.45698.2016021209263210617674729,1,"[120.57019648649, -94.364889462552, -170.87040894099]",74,-220.61505065693
1.3.12.2.1107.5.2.19.45698.2016021209252398193974130,1,"[93.076359129924, -63.370340664944, -142.70239727564]",74,-170.51505036815
1.3.12.2.1107.5.2.19.45698.2016021209263988012774883,1,"[126.06896052458, -100.56379922207, -176.50401108332]",74,-230.63504872337
1.3.12.2.1107.5.2.19.45698.2016021209251598267273978,1,"[87.577593184489, -57.171427090726, -137.06879513331]",74,-160.49504889503
1.3.12.2.1107.5.2.19.45698.2016021209272139012275242,1,"[142.56526026823, -119.16053231534, -193.40481560298]",74,-260.69504839712
1.3.12.2.1107.5.2.19.45698.2016021209213325824573132,1,"[93.076359129924, -63.370340664944, -142.70239727564]",72,-170.51505036815
1.3.12.2.1107.5.2.19.45698.2016021209265694277875020,1,"[131.56773219206, -106.76271088894, -182.13761322566]",74,-240.65505215664
1.3.12.2.1107.5.2.19.45698.2016021209263233238374758,1,"[120.57019648649, -94.364889462552, -170.87040894099]",74,-220.61505065693
1.3.12.2.1107.5.2.19.45698.2016021209252423366574163,1,"[93.076359129924, -63.370340664944, -142.70239727564]",74,-170.51505036815
1.3.12.2.1107.5.2.19.45698.2016021209215870579073391,1,"[104.07389292814, -75.768160183987, -153.96960156031]",72,-190.55504964116
1.3.12.2.1107.5.2.19.45698.2016021209254970456474374,1,"[104.07389292814, -75.768160183987, -153.96960156031]",74,-190.55504964116
1.3.12.2.1107.5.2.19.45698.2016021209260677782974486,1,"[109.57266078092, -81.967069943509, -159.60320370265]",74,-200.57504980102
1.3.12.2.1107.5.2.19.45698.2016021209270377643075136,1,"[137.06649623014, -112.96162064847, -187.77121346064]",74,-250.6750491507
1.3.12.2.1107.5.2.19.45698.2016021209270368201075117,1,"[137.06649623014, -112.96162064847, -187.77121346064]",74,-250.6750491507
1.3.12.2.1107.5.2.19.45698.2016021209261420051374602,1,"[115.07142863371, -88.16597970303, -165.23680584498]",74,-210.59504996088
1.3.12.2.1107.5.2.19.45698.2016021209261421841074609,1,"[115.07142863371, -88.16597970303, -165.23680584498]",74,-210.59504996088
1.3.12.2.1107.5.2.19.45698.2016021209270351343575096,1,"[137.06649623014, -112.96162064847, -187.77121346064]",74,-250.6750491507
1.3.12.2.1107.5.2.19.45698.2016021209272144181375252,1,"[142.56526026823, -119.16053231534, -193.40481560298]",74,-260.69504839712
1.3.12.2.1107.5.2.19.45698.2016021209263988615274886,1,"[126.06896052458, -100.56379922207, -176.50401108332]",74,-230.63504872337
1.3.12.2.1107.5.2.19.45698.2016021209263238316874764,1,"[120.57019648649, -94.364889462552, -170.87040894099]",74,-220.61505065693
1.3.12.2.1107.5.2.19.45698.201602120926579655875038,1,"[131.56773219206, -106.76271088894, -182.13761322566]",74,-240.65505215664
1.3.12.2.1107.5.2.19.45698.2016021209215841366373351,1,"[104.07389292814, -75.768160183987, -153.96960156031]",72,-190.55504964116
1.3.12.2.1107.5.2.19.45698.2016021209263967176274861,1,"[126.06896052458, -100.56379922207, -176.50401108332]",74,-230.63504872337
1.3.12.2.1107.5.2.19.45698.2016021209270357489275109,1,"[137.06649623014, -112.96162064847, -187.77121346064]",74,-250.6750491507
1.3.12.2.1107.5.2.19.45698.2016021209275370050775594,1,"[159.06156001188, -137.75726254757, -210.30562202998]",74,-290.75504737327
1.3.12.2.1107.5.2.19.45698.2016021209265698241875025,1,"[131.56773219206, -106.76271088894, -182.13761322566]",74,-240.65505215664
1.3.12.2.1107.5.2.19.45698.201602120927465427575496,1,"[153.5627959738, -131.55835231122, -204.67201988764]",74,-280.73504901184
1.3.12.2.1107.5.2.19.45698.2016021209265676421274993,1,"[131.56773219206, -106.76271088894, -182.13761322566]",74,-240.65505215664
1.3.12.2.1107.5.2.19.45698.2016021209274584957975472,1,"[153.5627959738, -131.55835231122, -204.67201988764]",74,-280.73504901184
1.3.12.2.1107.5.2.19.45698.2016021209263255388474787,1,"[120.57019648649, -94.364889462552, -170.87040894099]",74,-220.61505065693
1.3.12.2.1107.5.2.19.45698.2016021209260675759074483,1,"[109.57266078092, -81.967069943509, -159.60320370265]",74,-200.57504980102
1.3.12.2.1107.5.2.19.45698.2016021209274588967675479,1,"[153.5627959738, -131.55835231122, -204.67201988764]",74,-280.73504901184
1.3.12.2.1107.5.2.19.45698.2016021209263229984374752,1,"[120.57019648649, -94.364889462552, -170.87040894099]",74,-220.61505065693
1.3.12.2.1107.5.2.19.45698.2016021209272145400575255,1,"[142.56526026823, -119.16053231534, -193.40481560298]",74,-260.69504839712
1.3.12.2.1107.5.2.19.45698.2016021209260690875774496,1,"[109.57266078092, -81.967069943509, -159.60320370265]",74,-200.57504980102
1.3.12.2.1107.5.2.19.45698.2016021209215055875873248,1,"[98.575125075358, -69.569246609769, -148.33599917956]",72,-180.53504698728
1.3.12.2.1107.5.2.19.45698.2016021209215046005273230,1,"[98.575125075358, -69.569246609769, -148.33599917956]",72,-180.53504698728
1.3.12.2.1107.5.2.19.45698.2016021209261439983174624,1,"[115.07142863371, -88.16597970303, -165.23680584498]",74,-210.59504996088
1.3.12.2.1107.5.2.19.45698.2016021209251611741273992,1,"[87.577593184489, -57.171427090726, -137.06879513331]",74,-160.49504889503
1.3.12.2.1107.5.2.19.45698.201602120922172852273507,1,"[109.57266078092, -81.967069943509, -159.60320370265]",72,-200.57504980102
1.3.12.2.1107.5.2.19.45698.2016021209270356475575108,1,"[137.06649623014, -112.96162064847, -187.77121346064]",74,-250.6750491507
1.3.12.2.1107.5.2.19.45698.2016021209215852939473366,1,"[104.07389292814, -75.768160183987, -153.96960156031]",72,-190.55504964116
1.3.12.2.1107.5.2.19.45698.2016021209254221310574267,1,"[98.575125075358, -69.569246609769, -148.33599917956]",74,-180.53504698728
1.3.12.2.1107.5.2.19.45698.2016021209221715174373528,1,"[109.57266078092, -81.967069943509, -159.60320370265]",72,-200.57504980102
1.3.12.2.1107.5.2.19.45698.2016021209260696543374505,1,"[109.57266078092, -81.967069943509, -159.60320370265]",74,-200.57504980102
1.3.12.2.1107.5.2.19.45698.2016021209215852491073361,1,"[104.07389292814, -75.768160183987, -153.96960156031]",72,-190.55504964116
1.3.12.2.1107.5.2.19.45698.2016021209275373408275599,1,"[159.06156001188, -137.75726254757, -210.30562202998]",74,-290.75504737327
1.3.12.2.1107.5.2.19.45698.2016021209261455724874642,1,"[115.07142863371, -88.16597970303, -165.23680584498]",74,-210.59504996088
1.3.12.2.1107.5.2.19.45698.2016021209260710146874520,1,"[109.57266078092, -81.967069943509, -159.60320370265]",74,-200.57504980102
1.3.12.2.1107.5.2.19.45698.2016021209265664560874987,1,"[131.56773219206, -106.76271088894, -182.13761322566]",74,-240.65505215664
1.3.12.2.1107.5.2.19.45698.2016021209265681233175005,1,"[131.56773219206, -106.76271088894, -182.13761322566]",74,-240.65505215664
1.3.12.2.1107.5.2.19.45698.2016021209270347628375091,1,"[137.06649623014, -112.96162064847, -187.77121346064]",74,-250.6750491507
1.3.12.2.1107.5.2.19.45698.2016021209215062463073254,1,"[98.575125075358, -69.569246609769, -148.33599917956]",72,-180.53504698728
1.3.12.2.1107.5.2.19.45698.2016021209274625611475523,1,"[153.5627959738, -131.55835231122, -204.67201988764]",74,-280.73504901184
1.3.12.2.1107.5.2.19.45698.201602120926406535974910,1,"[126.06896052458, -100.56379922207, -176.50401108332]",74,-230.63504872337
1.3.12.2.1107.5.2.19.45698.2016021209261424427674612,1,"[115.07142863371, -88.16597970303, -165.23680584498]",74,-210.59504996088
1.3.12.2.1107.5.2.19.45698.2016021209270372896575123,1,"[137.06649623014, -112.96162064847, -187.77121346064]",74,-250.6750491507
1.3.12.2.1107.5.2.19.45698.2016021209251599056073979,1,"[87.577593184489, -57.171427090726, -137.06879513331]",74,-160.49504889503
1.3.12.2.1107.5.2.19.45698.2016021209213322889573129,1,"[93.076359129924, -63.370340664944, -142.70239727564]",72,-170.51505036815
1.3.12.2.1107.5.2.19.45698.2016021209251593294073967,1,"[87.577593184489, -57.171427090726, -137.06879513331]",74,-160.49504889503
1.3.12.2.1107.5.2.19.45698.2016021209215029894073206,1,"[98.575125075358, -69.569246609769, -148.33599917956]",72,-180.53504698728
1.3.12.2.1107.5.2.19.45698.2016021209274589500575480,1,"[153.5627959738, -131.55835231122, -204.67201988764]",74,-280.73504901184
1.3.12.2.1107.5.2.19.45698.2016021209252376749774103,1,"[93.076359129924, -63.370340664944, -142.70239727564]",74,-170.51505036815
1.3.12.2.1107.5.2.19.45698.2016021209221687544673489,1,"[109.57266078092, -81.967069943509, -159.60320370265]",72,-200.57504980102
1.3.12.2.1107.5.2.19.45698.2016021209272882112775348,1,"[148.06403193571, -125.35944207486, -199.03841774531]",74,-270.7150506504
1.3.12.2.1107.5.2.19.45698.2016021209254969050374368,1,"[104.07389292814, -75.768160183987, -153.96960156031]",74,-190.55504964116
1.3.12.2.1107.5.2.19.45698.2016021209272919479275391,1,"[148.06403193571, -125.35944207486, -199.03841774531]",74,-270.7150506504
1.3.12.2.1107.5.2.19.45698.2016021209251647881074038,1,"[87.577593184489, -57.171427090726, -137.06879513331]",74,-160.49504889503
1.3.12.2.1107.5.2.19.45698.2016021209263997325074892,1,"[126.06896052458, -100.56379922207, -176.50401108332]",74,-230.63504872337
1.3.12.2.1107.5.2.19.45698.2016021209254995004474413,1,"[104.07389292814, -75.768160183987, -153.96960156031]",74,-190.55504964116
1.3.12.2.1107.5.2.19.45698.2016021209274590115975481,1,"[153.5627959738, -131.55835231122, -204.67201988764]",74,-280.73504901184
1.3.12.2.1107.5.2.19.45698.2016021209215079011273275,1,"[98.575125075358, -69.569246609769, -148.33599917956]",72,-180.53504698728
1.3.12.2.1107.5.2.19.45698.2016021209254227389174276,1,"[98.575125075358, -69.569246609769, -148.33599917956]",74,-180.53504698728
1.3.12.2.1107.5.2.19.45698.201602120925247483974139,1,"[93.076359129924, -63.370340664944, -142.70239727564]",74,-170.51505036815
1.3.12.2.1107.5.2.19.45698.2016021209270393463275153,1,"[137.06649623014, -112.96162064847, -187.77121346064]",74,-250.6750491507
1.3.12.2.1107.5.2.19.45698.2016021209215830882173331,1,"[104.07389292814, -75.768160183987, -153.96960156031]",72,-190.55504964116
1.3.12.2.1107.5.2.19.45698.2016021209261420876174607,1,"[115.07142863371, -88.16597970303, -165.23680584498]",74,-210.59504996088
1.3.12.2.1107.5.2.19.45698.2016021209254991333274407,1,"[104.07389292814, -75.768160183987, -153.96960156031]",74,-190.55504964116
1.3.12.2.1107.5.2.19.45698.2016021209251643169674029,1,"[87.577593184489, -57.171427090726, -137.06879513331]",74,-160.49504889503
1.3.12.2.1107.5.2.19.45698.2016021209260711372074523,1,"[109.57266078092, -81.967069943509, -159.60320370265]",74,-200.57504980102
1.3.12.2.1107.5.2.19.45698.2016021209254975771074388,1,"[104.07389292814, -75.768160183987, -153.96960156031]",74,-190.55504964116
1.3.12.2.1107.5.2.19.45698.2016021209263252681474776,1,"[120.57019648649, -94.364889462552, -170.87040894099]",74,-220.61505065693
1.3.12.2.1107.5.2.19.45698.2016021209272143094275249,1,"[142.56526026823, -119.16053231534, -193.40481560298]",74,-260.69504839712
1.3.12.2.1107.5.2.19.45698.201602120925425306974246,1,"[98.575125075358, -69.569246609769, -148.33599917956]",74,-180.53504698728
1.3.12.2.1107.5.2.19.45698.20160212092704983575163,1,"[137.06649623014, -112.96162064847, -187.77121346064]",74,-250.6750491507
1.3.12.2.1107.5.2.19.45698.201602120927462446375493,1,"[153.5627959738, -131.55835231122, -204.67201988764]",74,-280.73504901184
1.3.12.2.1107.5.2.19.45698.2016021209251628904174014,1,"[87.577593184489, -57.171427090726, -137.06879513331]",74,-160.49504889503
1.3.12.2.1107.5.2.19.45698.2016021209251638645674026,1,"[87.577593184489, -57.171427090726, -137.06879513331]",74,-160.49504889503
1.3.12.2.1107.5.2.19.45698.2016021209215863895173376,1,"[104.07389292814, -75.768160183987, -153.96960156031]",72,-190.55504964116
1.3.12.2.1107.5.2.19.45698.2016021209215884493873403,1,"[104.07389292814, -75.768160183987, -153.96960156031]",72,-190.55504964116
1.3.12.2.1107.5.2.19.45698.2016021209274612349875502,1,"[153.5627959738, -131.55835231122, -204.67201988764]",74,-280.73504901184
1.3.12.2.1107.5.2.19.45698.2016021209212532723773004,1,"[87.577593184489, -57.171427090726, -137.06879513331]",72,-160.49504889503
1.3.12.2.1107.5.2.19.45698.2016021209275396024875627,1,"[159.06156001188, -137.75726254757, -210.30562202998]",74,-290.75504737327
1.3.12.2.1107.5.2.19.45698.2016021209272887712175362,1,"[148.06403193571, -125.35944207486, -199.03841774531]",74,-270.7150506504
1.3.12.2.1107.5.2.19.45698.2016021209272139301975243,1,"[142.56526026823, -119.16053231534, -193.40481560298]",74,-260.69504839712
1.3.12.2.1107.5.2.19.45698.2016021209215851558873358,1,"[104.07389292814, -75.768160183987, -153.96960156031]",72,-190.55504964116
1.3.12.2.1107.5.2.19.45698.2016021209221666446273461,1,"[109.57266078092, -81.967069943509, -159.60320370265]",72,-200.57504980102
1.3.12.2.1107.5.2.19.45698.2016021209263981071674871,1,"[126.06896052458, -100.56379922207, -176.50401108332]",74,-230.63504872337
1.3.12.2.1107.5.2.19.45698.2016021209261457466874652,1,"[115.07142863371, -88.16597970303, -165.23680584498]",74,-210.59504996088
1.3.12.2.1107.5.2.19.45698.2016021209275394251175621,1,"[159.06156001188, -137.75726254757, -210.30562202998]",74,-290.75504737327
1.3.12.2.1107.5.2.19.45698.2016021209270368321375118,1,"[137.06649623014, -112.96162064847, -187.77121346064]",74,-250.6750491507
1.3.12.2.1107.5.2.19.45698.2016021209263947510174841,1,"[126.06896052458, -100.56379922207, -176.50401108332]",74,-230.63504872337
1.3.12.2.1107.5.2.19.45698.2016021209263234361774761,1,"[120.57019648649, -94.364889462552, -170.87040894099]",74,-220.61505065693
1.3.12.2.1107.5.2.19.45698.2016021209263227815774749,1,"[120.57019648649, -94.364889462552, -170.87040894099]",74,-220.61505065693
1.3.12.2.1107.5.2.19.45698.2016021209274636346875532,1,"[153.5627959738, -131.55835231122, -204.67201988764]",74,-280.73504901184
1.3.12.2.1107.5.2.19.45698.2016021209254937519074341,1,"[104.07389292814, -75.768160183987, -153.96960156031]",74,-190.55504964116
1.3.12.2.1107.5.2.19.45698.2016021209252399916674135,1,"[93.076359129924, -63.370340664944, -142.70239727564]",74,-170.51505036815
1.3.12.2.1107.5.2.19.45698.2016021209252379303274108,1,"[93.076359129924, -63.370340664944, -142.70239727564]",74,-170.51505036815
1.3.12.2.1107.5.2.19.45698.201602120927293771075374,1,"[148.06403193571, -125.35944207486, -199.03841774531]",74,-270.7150506504
1.3.12.2.1107.5.2.19.45698.2016021209221666804073462,1,"[109.57266078092, -81.967069943509, -159.60320370265]",72,-200.57504980102
1.3.12.2.1107.5.2.19.45698.2016021209263986788974879,1,"[126.06896052458, -100.56379922207, -176.50401108332]",74,-230.63504872337
1.3.12.2.1107.5.2.19.45698.2016021209275413072175651,1,"[159.06156001188, -137.75726254757, -210.30562202998]",74,-290.75504737327
1.3.12.2.1107.5.2.19.45698.2016021209263964309974854,1,"[126.06896052458, -100.56379922207, -176.50401108332]",74,-230.63504872337
1.3.12.2.1107.5.2.19.45698.201602120921336202673105,1,"[93.076359129924, -63.370340664944, -142.70239727564]",72,-170.51505036815
1.3.12.2.1107.5.2.19.45698.2016021209263964976974857,1,"[126.06896052458, -100.56379922207, -176.50401108332]",74,-230.63504872337
1.3.12.2.1107.5.2.19.45698.2016021209272156545675266,1,"[142.56526026823, -119.16053231534, -193.40481560298]",74,-260.69504839712
1.3.12.2.1107.5.2.19.45698.2016021209213331242773141,1,"[93.076359129924, -63.370340664944, -142.70239727564]",72,-170.51505036815
1.3.12.2.1107.5.2.19.45698.2016021209272886423175361,1,"[148.06403193571, -125.35944207486, -199.03841774531]",74,-270.7150506504
1.3.12.2.1107.5.2.19.45698.2016021209254232630374288,1,"[98.575125075358, -69.569246609769, -148.33599917956]",74,-180.53504698728
1.3.12.2.1107.5.2.19.45698.2016021209215835310873341,1,"[104.07389292814, -75.768160183987, -153.96960156031]",72,-190.55504964116
1.3.12.2.1107.5.2.19.45698.2016021209252398116074129,1,"[93.076359129924, -63.370340664944, -142.70239727564]",74,-170.51505036815
1.3.12.2.1107.5.2.19.45698.2016021209270394649675160,1,"[137.06649623014, -112.96162064847, -187.77121346064]",74,-250.6750491507
1.3.12.2.1107.5.2.19.45698.2016021209212518567472983,1,"[87.577593184489, -57.171427090726, -137.06879513331]",72,-160.49504889503
1.3.12.2.1107.5.2.19.45698.2016021209263967674174862,1,"[126.06896052458, -100.56379922207, -176.50401108332]",74,-230.63504872337
1.3.12.2.1107.5.2.19.45698.2016021209221714423673525,1,"[109.57266078092, -81.967069943509, -159.60320370265]",72,-200.57504980102
1.3.12.2.1107.5.2.19.45698.2016021209252371827974091,1,"[93.076359129924, -63.370340664944, -142.70239727564]",74,-170.51505036815
1.3.12.2.1107.5.2.19.45698.2016021209275397097775630,1,"[159.06156001188, -137.75726254757, -210.30562202998]",74,-290.75504737327
1.3.12.2.1107.5.2.19.45698.2016021209272159394275270,1,"[142.56526026823, -119.16053231534, -193.40481560298]",74,-260.69504839712
1.3.12.2.1107.5.2.19.45698.2016021209263253061974779,1,"[120.57019648649, -94.364889462552, -170.87040894099]",74,-220.61505065693
1.3.12.2.1107.5.2.19.45698.2016021209274593448075487,1,"[153.5627959738, -131.55835231122, -204.67201988764]",74,-280.73504901184
1.3.12.2.1107.5.2.19.45698.2016021209215841744273352,1,"[104.07389292814, -75.768160183987, -153.96960156031]",72,-190.55504964116
1.3.12.2.1107.5.2.19.45698.2016021209251621535774007,1,"[87.577593184489, -57.171427090726, -137.06879513331]",74,-160.49504889503
1.3.12.2.1107.5.2.19.45698.201602120927296240175380,1,"[148.06403193571, -125.35944207486, -199.03841774531]",74,-270.7150506504
1.3.12.2.1107.5.2.19.45698.2016021209263999273974895,1,"[126.06896052458, -100.56379922207, -176.50401108332]",74,-230.63504872337
1.3.12.2.1107.5.2.19.45698.2016021209260671473874475,1,"[109.57266078092, -81.967069943509, -159.60320370265]",74,-200.57504980102
1.3.12.2.1107.5.2.19.45698.2016021209212529332672995,1,"[87.577593184489, -57.171427090726, -137.06879513331]",72,-160.49504889503
1.3.12.2.1107.5.2.19.45698.2016021209212515090172980,1,"[87.577593184489, -57.171427090726, -137.06879513331]",72,-160.49504889503
1.3.12.2.1107.5.2.19.45698.2016021209254222014574270,1,"[98.575125075358, -69.569246609769, -148.33599917956]",74,-180.53504698728
1.3.12.2.1107.5.2.19.45698.2016021209213296852873098,1,"[93.076359129924, -63.370340664944, -142.70239727564]",72,-170.51505036815
1.3.12.2.1107.5.2.19.45698.2016021209263963270074851,1,"[126.06896052458, -100.56379922207, -176.50401108332]",74,-230.63504872337
1.3.12.2.1107.5.2.19.45698.2016021209270385085575142,1,"[137.06649623014, -112.96162064847, -187.77121346064]",74,-250.6750491507
1.3.12.2.1107.5.2.19.45698.2016021209212547225773016,1,"[87.577593184489, -57.171427090726, -137.06879513331]",72,-160.49504889503
1.3.12.2.1107.5.2.19.45698.2016021209263191384874716,1,"[120.57019648649, -94.364889462552, -170.87040894099]",74,-220.61505065693
1.3.12.2.1107.5.2.19.45698.201602120926078750774517,1,"[109.57266078092, -81.967069943509, -159.60320370265]",74,-200.57504980102
1.3.12.2.1107.5.2.19.45698.2016021209254188574274227,1,"[98.575125075358, -69.569246609769, -148.33599917956]",74,-180.53504698728
1.3.12.2.1107.5.2.19.45698.2016021209252415047274151,1,"[93.076359129924, -63.370340664944, -142.70239727564]",74,-170.51505036815
1.3.12.2.1107.5.2.19.45698.2016021209254210696574258,1,"[98.575125075358, -69.569246609769, -148.33599917956]",74,-180.53504698728
1.3.12.2.1107.5.2.19.45698.2016021209272885761375359,1,"[148.06403193571, -125.35944207486, -199.03841774531]",74,-270.7150506504
1.3.12.2.1107.5.2.19.45698.2016021209261417627974597,1,"[115.07142863371, -88.16597970303, -165.23680584498]",74,-210.59504996088
1.3.12.2.1107.5.2.19.45698.2016021209254974119774382,1,"[104.07389292814, -75.768160183987, -153.96960156031]",74,-190.55504964116
1.3.12.2.1107.5.2.19.45698.2016021209252378617174107,1,"[93.076359129924, -63.370340664944, -142.70239727564]",74,-170.51505036815
1.3.12.2.1107.5.2.19.45698.2016021209261460640074659,1,"[115.07142863371, -88.16597970303, -165.23680584498]",74,-210.59504996088
1.3.12.2.1107.5.2.19.45698.2016021209212498367872960,1,"[87.577593184489, -57.171427090726, -137.06879513331]",72,-160.49504889503
1.3.12.2.1107.5.2.19.45698.2016021209251598254073977,1,"[87.577593184489, -57.171427090726, -137.06879513331]",74,-160.49504889503
1.3.12.2.1107.5.2.19.45698.2016021209272924642575409,1,"[148.06403193571, -125.35944207486, -199.03841774531]",74,-270.7150506504
1.3.12.2.1107.5.2.19.45698.2016021209215055666773247,1,"[98.575125075358, -69.569246609769, -148.33599917956]",72,-180.53504698728
1.3.12.2.1107.5.2.19.45698.201602120927297184975383,1,"[148.06403193571, -125.35944207486, -199.03841774531]",74,-270.7150506504
1.3.12.2.1107.5.2.19.45698.2016021209263980240474868,1,"[126.06896052458, -100.56379922207, -176.50401108332]",74,-230.63504872337
1.3.12.2.1107.5.2.19.45698.2016021209213289694573081,1,"[93.076359129924, -63.370340664944, -142.70239727564]",72,-170.51505036815
1.3.12.2.1107.5.2.19.45698.2016021209212540271273010,1,"[87.577593184489, -57.171427090726, -137.06879513331]",72,-160.49504889503
1.3.12.2.1107.5.2.19.45698.2016021209215053186973239,1,"[98.575125075358, -69.569246609769, -148.33599917956]",72,-180.53504698728
1.3.12.2.1107.5.2.19.45698.2016021209261417092974596,1,"[115.07142863371, -88.16597970303, -165.23680584498]",74,-210.59504996088
1.3.12.2.1107.5.2.19.45698.2016021209272122264175224,1,"[142.56526026823, -119.16053231534, -193.40481560298]",74,-260.69504839712
1.3.12.2.1107.5.2.19.45698.2016021209263242022774767,1,"[120.57019648649, -94.364889462552, -170.87040894099]",74,-220.61505065693
1.3.12.2.1107.5.2.19.45698.2016021209261457574874654,1,"[115.07142863371, -88.16597970303, -165.23680584498]",74,-210.59504996088
1.3.12.2.1107.5.2.19.45698.2016021209252411920674145,1,"[93.076359129924, -63.370340664944, -142.70239727564]",74,-170.51505036815
1.3.12.2.1107.5.2.19.45698.2016021209252377788074104,1,"[93.076359129924, -63.370340664944, -142.70239727564]",74,-170.51505036815
1.3.12.2.1107.5.2.19.45698.2016021209260724238574537,1,"[109.57266078092, -81.967069943509, -159.60320370265]",74,-200.57504980102
1.3.12.2.1107.5.2.19.45698.2016021209221672446173476,1,"[109.57266078092, -81.967069943509, -159.60320370265]",72,-200.57504980102
1.3.12.2.1107.5.2.19.45698.2016021209213330669773138,1,"[93.076359129924, -63.370340664944, -142.70239727564]",72,-170.51505036815
1.3.12.2.1107.5.2.19.45698.2016021209254187312174221,1,"[98.575125075358, -69.569246609769, -148.33599917956]",74,-180.53504698728
1.3.12.2.1107.5.2.19.45698.2016021209270393930275157,1,"[137.06649623014, -112.96162064847, -187.77121346064]",74,-250.6750491507
1.3.12.2.1107.5.2.19.45698.2016021209252415516874154,1,"[93.076359129924, -63.370340664944, -142.70239727564]",74,-170.51505036815
1.3.12.2.1107.5.2.19.45698.2016021209213313626173114,1,"[93.076359129924, -63.370340664944, -142.70239727564]",72,-170.51505036815
1.3.12.2.1107.5.2.19.45698.201602120925165049273987,1,"[87.577593184489, -57.171427090726, -137.06879513331]",74,-160.49504889503
1.3.12.2.1107.5.2.19.45698.201602120921251516172961,1,"[87.577593184489, -57.171427090726, -137.06879513331]",72,-160.49504889503
1.3.12.2.1107.5.2.19.45698.2016021209265656414274971,1,"[131.56773219206, -106.76271088894, -182.13761322566]",74,-240.65505215664
1.3.12.2.1107.5.2.19.45698.2016021209252394643374120,1,"[93.076359129924, -63.370340664944, -142.70239727564]",74,-170.51505036815
1.3.12.2.1107.5.2.19.45698.2016021209274594941775490,1,"[153.5627959738, -131.55835231122, -204.67201988764]",74,-280.73504901184
1.3.12.2.1107.5.2.19.45698.2016021209215031305873211,1,"[98.575125075358, -69.569246609769, -148.33599917956]",72,-180.53504698728
1.3.12.2.1107.5.2.19.45698.2016021209263966765274860,1,"[126.06896052458, -100.56379922207, -176.50401108332]",74,-230.63504872337
1.3.12.2.1107.5.2.19.45698.2016021209263956520074844,1,"[126.06896052458, -100.56379922207, -176.50401108332]",74,-230.63504872337
1.3.12.2.1107.5.2.19.45698.201602120927543760075639,1,"[159.06156001188, -137.75726254757, -210.30562202998]",74,-290.75504737327
1.3.12.2.1107.5.2.19.45698.201602120926404096774903,1,"[126.06896052458, -100.56379922207, -176.50401108332]",74,-230.63504872337
1.3.12.2.1107.5.2.19.45698.201602120921258010572970,1,"[87.577593184489, -57.171427090726, -137.06879513331]",72,-160.49504889503
1.3.12.2.1107.5.2.19.45698.2016021209272117819175216,1,"[142.56526026823, -119.16053231534, -193.40481560298]",74,-260.69504839712
1.3.12.2.1107.5.2.19.45698.2016021209215858893773373,1,"[104.07389292814, -75.768160183987, -153.96960156031]",72,-190.55504964116
1.3.12.2.1107.5.2.19.45698.2016021209272921866375398,1,"[148.06403193571, -125.35944207486, -199.03841774531]",74,-270.7150506504
1.3.12.2.1107.5.2.19.45698.2016021209270373792175127,1,"[137.06649623014, -112.96162064847, -187.77121346064]",74,-250.6750491507
1.3.12.2.1107.5.2.19.45698.2016021209252417357174157,1,"[93.076359129924, -63.370340664944, -142.70239727564]",74,-170.51505036815
1.3.12.2.1107.5.2.19.45698.201602120926579274075035,1,"[131.56773219206, -106.76271088894, -182.13761322566]",74,-240.65505215664
1.3.12.2.1107.5.2.19.45698.2016021209261471597574663,1,"[115.07142863371, -88.16597970303, -165.23680584498]",74,-210.59504996088
1.3.12.2.1107.5.2.19.45698.2016021209275380693375611,1,"[159.06156001188, -137.75726254757, -210.30562202998]",74,-290.75504737327
1.3.12.2.1107.5.2.19.45698.2016021209263986281974874,1,"[126.06896052458, -100.56379922207, -176.50401108332]",74,-230.63504872337
1.3.12.2.1107.5.2.19.45698.2016021209215835883373345,1,"[104.07389292814, -75.768160183987, -153.96960156031]",72,-190.55504964116
1.3.12.2.1107.5.2.19.45698.2016021209254210074674257,1,"[98.575125075358, -69.569246609769, -148.33599917956]",74,-180.53504698728
1.3.12.2.1107.5.2.19.45698.2016021209215081189473278,1,"[98.575125075358, -69.569246609769, -148.33599917956]",72,-180.53504698728
1.3.12.2.1107.5.2.19.45698.2016021209221664701473458,1,"[109.57266078092, -81.967069943509, -159.60320370265]",72,-200.57504980102
1.3.12.2.1107.5.2.19.45698.2016021209275379017375605,1,"[159.06156001188, -137.75726254757, -210.30562202998]",74,-290.75504737327
1.3.12.2.1107.5.2.19.45698.201602120926328709274722,1,"[120.57019648649, -94.364889462552, -170.87040894099]",74,-220.61505065693
1.3.12.2.1107.5.2.19.45698.2016021209274616041175511,1,"[153.5627959738, -131.55835231122, -204.67201988764]",74,-280.73504901184
1.3.12.2.1107.5.2.19.45698.2016021209270393806075156,1,"[137.06649623014, -112.96162064847, -187.77121346064]",74,-250.6750491507
1.3.12.2.1107.5.2.19.45698.2016021209261455285074639,1,"[115.07142863371, -88.16597970303, -165.23680584498]",74,-210.59504996088
1.3.12.2.1107.5.2.19.45698.2016021209270372952075124,1,"[137.06649623014, -112.96162064847, -187.77121346064]",74,-250.6750491507
1.3.12.2.1107.5.2.19.45698.2016021209274619394575516,1,"[153.5627959738, -131.55835231122, -204.67201988764]",74,-280.73504901184
1.3.12.2.1107.5.2.19.45698.2016021209272122815375229,1,"[142.56526026823, -119.16053231534, -193.40481560298]",74,-260.69504839712
1.3.12.2.1107.5.2.19.45698.2016021209251634758274020,1,"[87.577593184489, -57.171427090726, -137.06879513331]",74,-160.49504889503
1.3.12.2.1107.5.2.19.45698.2016021209270354805475103,1,"[137.06649623014, -112.96162064847, -187.77121346064]",74,-250.6750491507
1.3.12.2.1107.5.2.19.45698.2016021209270354065175102,1,"[137.06649623014, -112.96162064847, -187.77121346064]",74,-250.6750491507
1.3.12.2.1107.5.2.19.45698.2016021209215857068073370,1,"[104.07389292814, -75.768160183987, -153.96960156031]",72,-190.55504964116
1.3.12.2.1107.5.2.19.45698.201602120921256132772967,1,"[87.577593184489, -57.171427090726, -137.06879513331]",72,-160.49504889503
1.3.12.2.1107.5.2.19.45698.201602120921259680372973,1,"[87.577593184489, -57.171427090726, -137.06879513331]",72,-160.49504889503
1.3.12.2.1107.5.2.19.45698.2016021209261457571774653,1,"[115.07142863371, -88.16597970303, -165.23680584498]",74,-210.59504996088
1.3.12.2.1107.5.2.19.45698.2016021209254167899274216,1,"[98.575125075358, -69.569246609769, -148.33599917956]",74,-180.53504698728
1.3.12.2.1107.5.2.19.45698.2016021209265656357474970,1,"[131.56773219206, -106.76271088894, -182.13761322566]",74,-240.65505215664
1.3.12.2.1107.5.2.19.45698.2016021209275368808575593,1,"[159.06156001188, -137.75726254757, -210.30562202998]",74,-290.75504737327
1.3.12.2.1107.5.2.19.45698.2016021209265675043974990,1,"[131.56773219206, -106.76271088894, -182.13761322566]",74,-240.65505215664
1.3.12.2.1107.5.2.19.45698.2016021209260724545274538,1,"[109.57266078092, -81.967069943509, -159.60320370265]",74,-200.57504980102
1.3.12.2.1107.5.2.19.45698.2016021209251646870974035,1,"[87.577593184489, -57.171427090726, -137.06879513331]",74,-160.49504889503
1.3.12.2.1107.5.2.19.45698.2016021209215834625573338,1,"[104.07389292814, -75.768160183987, -153.96960156031]",72,-190.55504964116
1.3.12.2.1107.5.2.19.45698.2016021209212548989773019,1,"[87.577593184489, -57.171427090726, -137.06879513331]",72,-160.49504889503
1.3.12.2.1107.5.2.19.45698.2016021209260689424374490,1,"[109.57266078092, -81.967069943509, -159.60320370265]",74,-200.57504980102
1.3.12.2.1107.5.2.19.45698.2016021209213296348373094,1,"[93.076359129924, -63.370340664944, -142.70239727564]",72,-170.51505036815
1.3.12.2.1107.5.2.19.45698.2016021209252380722174109,1,"[93.076359129924, -63.370340664944, -142.70239727564]",74,-170.51505036815
1.3.12.2.1107.5.2.19.45698.2016021209260691753274499,1,"[109.57266078092, -81.967069943509, -159.60320370265]",74,-200.57504980102
1.3.12.2.1107.5.2.19.45698.2016021209221691438773495,1,"[109.57266078092, -81.967069943509, -159.60320370265]",72,-200.57504980102
